model,use_case,rows,unique_prompts,avg_latency,median_latency,p95_latency,min_latency,max_latency,avg_input_tokens,avg_output_tokens,avg_total_tokens,total_tokens,avg_answer_chars,errors,empty_answers_x,possible_truncations,failure_rate,avg_failure_count,high_latency_count,failure_possible_truncations,empty_answers_y,total_cost_usd,avg_cost_per_prompt_usd,estimated_cost_per_1000_prompts_usd,latency_score,cost_score,failure_score,truncation_score,recommendation_score,rank
minimax/minimax-m2.5,customer_support,60,60,4.785733333333334,3.906,10.942799999999998,0.754,16.399,556.8166666666667,249.61666666666667,806.4333333333333,48386,225.61666666666667,0,1,4,0.0833333333333333,0.1,0,4,1,0.0279951,0.000466585,0.4665849999999999,0.9336027740441465,0.9972299261789681,0.9795918367346939,0.98,0.9702454566151287,1
minimax/minimax-m2.7,customer_support,60,60,5.659633333333334,4.648,13.343599999999986,1.908,24.988,555.6166666666667,228.1,783.7166666666667,47023,233.75,0,0,3,0.0666666666666666,0.0666666666666666,0,3,0,0.0264242999999999,0.0004404049999999,0.4404049999999999,0.8848972319936538,1.0,1.0,1.0,0.965469169598096,2
minimax/minimax-m3,customer_support,60,60,3.5944,3.0635,7.284199999999999,1.278,8.781,710.8166666666667,264.45,975.2666666666668,58516,285.75,0,1,10,0.1666666666666666,0.1833333333333333,0,10,1,0.0318351,0.000530585,0.530585,1.0,0.9904581643552339,0.8775510204081632,0.86,0.9407573982316656,3
qwen/qwen3.6-plus,customer_support,60,60,16.628483333333335,12.0995,37.33419999999999,6.422,40.251,621.1166666666667,804.2333333333333,1425.35,85521,268.9166666666667,0,0,26,0.4333333333333333,0.5833333333333334,9,26,0,0.1633955,0.0027232583333333,2.7232583333333333,0.27356437363394737,0.758454077314821,0.5510204081632653,0.54,0.5185399742760323,4
qwen/qwen3.7-plus,customer_support,60,60,19.825466666666667,17.6675,38.70294999999999,6.43,47.986,621.1166666666667,995.2,1616.3166666666666,96979,249.85,0,0,41,0.6833333333333333,0.85,10,41,0,0.110446,0.0018407666666666,1.8407666666666669,0.09538516986190138,0.8518294425975884,0.2448979591836734,0.24,0.3512871973222532,5
qwen/qwen3.7-max,customer_support,60,60,21.536916666666663,18.256,38.34625,8.782,49.068,621.1166666666667,1111.8166666666666,1732.9333333333334,103976,261.75,0,0,53,0.8833333333333333,1.0833333333333333,12,53,0,0.593485,0.0098914166666666,9.891416666666668,0.0,0.0,0.0,0.0,0.0,6
minimax/minimax-m2.5,document_understanding,60,60,3.658133333333333,2.654,8.784599999999996,0.702,15.081,351.6,213.06666666666663,564.6666666666666,33880,358.8333333333333,0,0,1,0.2,0.2,0,1,0,0.0216696,0.00036116,0.36116,1.0,0.998435313491928,1.0,1.0,0.9996870626983858,1
minimax/minimax-m2.7,document_understanding,60,60,5.055733333333333,4.3260000000000005,13.08955,0.937,22.075,350.7333333333333,205.13333333333333,555.8666666666667,33352,361.1166666666667,0,0,1,0.2,0.2,0,1,0,0.0210828,0.00035138,0.3513799999999999,0.8850673647565137,1.0,1.0,1.0,0.9770134729513027,2
minimax/minimax-m3,document_understanding,60,60,4.808033333333333,3.636,11.801399999999996,1.144,16.3,505.6,268.8,774.4,46464,597.2833333333333,0,0,2,0.2166666666666666,0.2166666666666666,0,2,0,0.0284543999999999,0.0004742399999999,0.4742399999999999,0.9054371513548334,0.9803438257278564,0.9411764705882356,0.9444444444444444,0.9425156725407211,3
qwen/qwen3.7-plus,document_understanding,60,60,15.8183,11.308,38.53955,5.406,50.108,387.8833333333333,742.5166666666667,1130.4,67824,286.71666666666664,0,0,17,0.4666666666666667,0.6166666666666667,8,17,0,0.0805908,0.00134318,1.34318,0.0,0.8413235093347887,0.0588235294117645,0.11111111111111116,0.21401633585388577,4
qwen/qwen3.6-plus,document_understanding,60,60,14.396999999999998,9.4555,33.75934999999998,4.299,41.282,387.8833333333333,706.6833333333333,1094.5666666666666,65674,280.76666666666665,0,0,18,0.4833333333333333,0.5666666666666667,5,18,0,0.1388395,0.0023139916666666,2.313991666666667,0.11688162168829941,0.6860049084439832,0.0,0.05555555555555558,0.17168841713756766,5
qwen/qwen3.7-max,document_understanding,60,60,15.345216666666666,10.972,36.74849999999999,4.935,49.482,387.8833333333333,750.95,1138.8333333333333,68330,315.76666666666665,0,0,19,0.4666666666666667,0.6333333333333333,6,19,0,0.39611,0.0066018333333333,6.601833333333333,0.03890434615753635,0.0,0.0588235294117645,0.0,0.031310280996213066,6
minimax/minimax-m3,website_generation,60,60,20.976766666666663,22.1805,31.1335,7.258,34.896,241.41666666666663,2295.833333333333,2537.25,152235,7338.666666666667,0,0,25,0.45,0.5166666666666667,6,25,0,0.1696455,0.002827425,2.8274250000000003,1.0,0.9921546829239896,1.0,0.9615384615384616,0.9868924750463364,1
minimax/minimax-m2.7,website_generation,60,60,30.25041666666667,29.5415,52.06685,3.707,106.558,86.18333333333334,2163.0,2249.1833333333334,134951,7884.85,0,0,24,0.5833333333333334,0.9,30,24,0,0.1572873,0.002621455,2.621455,0.8523623473160661,1.0,0.7575757575757576,1.0,0.8977451967359404,2
minimax/minimax-m2.5,website_generation,60,60,39.81998333333333,38.155,77.22934999999998,12.475,126.266,87.41666666666667,2343.7833333333333,2431.2,145872,4946.8,0,8,28,0.65,1.3833333333333333,37,28,8,0.1703259,0.002838765,2.838765,0.7000136647726142,0.9917227467408466,0.6363636363636364,0.8461538461538461,0.7831025270579369,3
qwen/qwen3.7-plus,website_generation,60,60,83.79035,77.8965,144.08419999999995,40.326,221.46,92.43333333333334,4344.3,4436.733333333334,266204,6093.783333333334,0,0,48,1.0,1.8,60,48,0,0.4192712,0.0069878533333333,6.987853333333334,0.0,0.8336855881673874,0.0,0.07692307692307687,0.18981404071040053,4
qwen/qwen3.6-plus,website_generation,60,60,72.04288333333334,60.921,120.00585,32.86,188.567,92.43333333333334,3911.433333333333,4003.866666666667,240232,5932.083333333333,0,0,50,1.0,1.8333333333333333,60,50,0,0.706831,0.0117805166666666,11.780516666666664,0.18702111937041221,0.6511349085122492,0.0,0.0,0.16763120557653227,5
qwen/qwen3.7-max,website_generation,60,60,70.6855,69.542,102.55545,20.614,130.536,92.43333333333334,3819.233333333333,3911.6666666666665,234700,6882.833333333333,0,0,48,0.9666666666666668,1.7666666666666666,58,48,0,1.73252,0.0288753333333333,28.875333333333334,0.2086308295843653,0.0,0.06060606060606044,0.07692307692307687,0.08298490717561426,6
